{
  "switcher:open": [
    {
      "modifiers": [
        "Alt"
      ],
      "key": "P"
    }
  ],
  "editor:save-file": [
    {
      "modifiers": [
        "Alt"
      ],
      "key": "S"
    }
  ],
  "workspace:goto-tab-1": [
    {
      "modifiers": [
        "Alt"
      ],
      "key": "1"
    }
  ],
  "workspace:goto-tab-2": [
    {
      "modifiers": [
        "Alt"
      ],
      "key": "2"
    }
  ],
  "workspace:goto-tab-3": [
    {
      "modifiers": [
        "Alt"
      ],
      "key": "3"
    }
  ],
  "workspace:close": [
    {
      "modifiers": [
        "Alt"
      ],
      "key": "W"
    }
  ],
  "file-explorer:new-file": [
    {
      "modifiers": [
        "Alt"
      ],
      "key": "N"
    }
  ],
  "editor:open-search": [
    {
      "modifiers": [
        "Alt"
      ],
      "key": "F"
    }
  ],
  "global-search:open": [
    {
      "modifiers": [
        "Alt",
        "Shift"
      ],
      "key": "F"
    }
  ],
  "editor:toggle-bold": [
    {
      "modifiers": [
        "Alt"
      ],
      "key": "B"
    }
  ]
}