{
  "main": {
    "id": "aac3494d09d5f784",
    "type": "split",
    "children": [
      {
        "id": "b84f23dfc47fe7b2",
        "type": "tabs",
        "children": [
          {
            "id": "da2b51689d39bcae",
            "type": "leaf",
            "state": {
              "type": "graph",
              "state": {}
            }
          }
        ]
      }
    ],
    "direction": "vertical"
  },
  "left": {
    "id": "f4b2eb3119c28ecf",
    "type": "split",
    "children": [
      {
        "id": "7eb62a66a584a801",
        "type": "tabs",
        "children": [
          {
            "id": "c5afbe2c29a5873c",
            "type": "leaf",
            "state": {
              "type": "file-explorer",
              "state": {
                "sortOrder": "alphabetical"
              }
            }
          },
          {
            "id": "57afc61557b34784",
            "type": "leaf",
            "state": {
              "type": "search",
              "state": {
                "query": "",
                "matchingCase": false,
                "explainSearch": false,
                "collapseAll": false,
                "extraContext": false,
                "sortOrder": "alphabetical"
              }
            }
          },
          {
            "id": "7c0058311b681608",
            "type": "leaf",
            "state": {
              "type": "bookmarks",
              "state": {}
            }
          }
        ]
      }
    ],
    "direction": "horizontal",
    "width": 300
  },
  "right": {
    "id": "41b4b2167155c631",
    "type": "split",
    "children": [
      {
        "id": "a903e50533ee9b77",
        "type": "tabs",
        "children": [
          {
            "id": "a2e6c42c4fcfe6bb",
            "type": "leaf",
            "state": {
              "type": "backlink",
              "state": {
                "collapseAll": true,
                "extraContext": true,
                "sortOrder": "alphabetical",
                "showSearch": false,
                "searchQuery": "",
                "backlinkCollapsed": false,
                "unlinkedCollapsed": false
              }
            }
          },
          {
            "id": "546fbed834e038ad",
            "type": "leaf",
            "state": {
              "type": "outgoing-link",
              "state": {
                "linksCollapsed": false,
                "unlinkedCollapsed": true
              }
            }
          },
          {
            "id": "a9e2ee2e3ec03563",
            "type": "leaf",
            "state": {
              "type": "tag",
              "state": {
                "sortOrder": "frequency",
                "useHierarchy": true
              }
            }
          },
          {
            "id": "4697da83a53fd5be",
            "type": "leaf",
            "state": {
              "type": "outline",
              "state": {}
            }
          },
          {
            "id": "a232adefb19ae04b",
            "type": "leaf",
            "state": {
              "type": "calendar",
              "state": {}
            }
          }
        ],
        "currentTab": 1
      }
    ],
    "direction": "horizontal",
    "width": 300,
    "collapsed": true
  },
  "left-ribbon": {
    "hiddenItems": {
      "switcher:Open quick switcher": false,
      "graph:Open graph view": false,
      "canvas:Create new canvas": false,
      "daily-notes:Open today's daily note": false,
      "templates:Insert template": false,
      "command-palette:Open command palette": false
    }
  },
  "active": "da2b51689d39bcae",
  "lastOpenFiles": [
    "Untitled.canvas",
    "daily/2024-09-07.md",
    "Title.md",
    "Untitled 3",
    "Untitled 2",
    "Untitled 1",
    "Untitled",
    "Untitled 5",
    "Untitled 4",
    "2024-09-07.md",
    "daily"
  ]
}